user,openness,conscientiousness,extraversion,agreeableness
2563976967,0.9632664553046137,0.8955196850026312,0.9311826523346447,0.777763714563737,0.5546615471191965
