user,tweets,openness,conscientiousness,extraversion,agreeableness,neuroticism
632964893,2608,0.8684595515184326,0.013088251912860838,0.21231212352500722,0.09487221078681046,0.20782464888855257
